x1,t
8.605556614246863134e-01,1.079425850673700005e+00
-1.446472737596378622e+00,-1.615079657625321019e+00
-2.884148410010523467e+00,-4.453880229057783358e-01
-3.037746456874519829e+00,-4.531301111852099606e-01
1.968334964119786257e+00,1.359550019063964221e+00
2.593419778607809256e+00,8.255310038765555358e-01
6.700123395200416887e-01,8.890059743401932391e-01
1.441969420022902959e+00,1.421546641815171430e+00
2.741039054013798548e-01,-2.722930330973084012e-01
2.733640660702315373e+00,5.046052490205453767e-01
1.984566410476863219e+00,1.224172104103774750e+00
-3.124386149557009773e+00,-1.627555324639897438e-01
2.245637299378164364e+00,9.375063687193090356e-01
-2.930568260297325978e+00,-4.152191107389771041e-01
1.442967726722392818e+00,1.400273305280292035e+00
-2.037915839096282600e+00,-1.465086671096882842e+00
2.281920468786123202e+00,9.280364495516445489e-01
2.605085298868297095e-01,4.426016876920079168e-01
-1.258447306578280633e+00,-1.674823264794931932e+00
-4.857705158280976043e-01,-6.499739119046382685e-01
-2.963654911944462622e+00,-3.497513567236381626e-01
-2.360697796759595235e+00,-1.267093100978198494e+00
1.072064815449135011e+00,1.130423550659963361e+00
9.248189764942678082e-01,9.210153652299701843e-01
7.249860371262926151e-01,9.564144281983540941e-01
-7.308754819569287520e-01,-1.044571294097546899e+00
3.124062163134476044e+00,-1.719136135799235188e-01
3.021177535771527367e+00,-1.013877057795216780e-01
1.165794670754043416e+00,1.277311600195965458e+00
9.453635139748177707e-01,1.214458063616886241e+00
1.184045728709360645e+00,1.226650931498358688e+00
-6.979272767969257885e-01,-9.976995794318200828e-01
-2.292756278181665941e+00,-1.272624465137426109e+00
1.391652284819048013e+00,1.338191327303807743e+00
1.593059064529742663e-01,7.415042133461975660e-02
-1.192285459405925341e+00,-1.436560482909576608e+00
-8.899906526957401809e-02,-4.679584036482054565e-01
2.447224238106834981e+00,9.177964849041997386e-01
2.727175842132876227e+00,4.413036541642382238e-01
-8.934991306479331818e-01,-1.207010101338941821e+00
4.494351814662769229e-01,4.717770749618783177e-01
-1.119227624750593009e+00,-1.389471029842757055e+00
5.925045642173261129e-01,5.462741713100675023e-01
-1.018433806352325721e+00,-1.190811671751708989e+00
-6.809779034588956392e-01,-1.289932762229053509e+00
2.452166074285544894e+00,6.651371906806107237e-01
-1.714319399486589068e+00,-1.533926449280417215e+00
7.740076575247476498e-01,1.124698405897616826e+00
-2.613708681215308083e+00,-8.143831075291854127e-01
2.090064821055105604e+00,1.121910633849969807e+00
1.803891867329022070e+00,1.102912100025901010e+00
-1.637590086388714505e+00,-1.608405773766666824e+00
2.365520187414622555e+00,9.092470669260325211e-01
-2.773598837831413366e+00,-3.957902651261372418e-01
-1.029706877276908461e+00,-1.282635368407682552e+00
-2.197358915225359421e+00,-1.529237972748318075e+00
-3.120269618144324575e-01,-2.690161813311365835e-01
1.861860301229839365e+00,1.232055199699184866e+00
-1.692424914824835813e+00,-1.701839306418677644e+00
-2.814733179081528647e+00,-3.706938707711819325e-01
-5.997184776306978549e-01,-9.515995287137706260e-01
-1.894298409045752862e+00,-1.561396493731002089e+00
-2.571374450773927567e+00,-8.760893524928703435e-01
5.047432673232594702e-01,7.178280177232679860e-01
-1.264829500550576524e+00,-1.369649976803332780e+00
1.080675690085543650e+00,9.771445715439298629e-01
-1.888000147493303249e+00,-1.217070441486457266e+00
2.777878600045891488e+00,5.451730939943350007e-01
-8.475378089720195796e-01,-1.271829849438379512e+00
-2.478746263017324036e+00,-1.139233058573969837e+00
8.112104407914166870e-01,8.061068170185684556e-01
2.683891211730887072e+00,5.507374141756283814e-01
-3.746213854620279449e-01,-7.480848569521888480e-01
2.856276310741154845e+00,1.849150051148977236e-01
-6.546219069853975725e-04,2.184266891988987692e-03
-4.698024057459013747e-01,-7.268497409196955639e-01
7.553233954283600227e-01,8.323006110674975311e-01
3.110783087330549534e+00,3.705442602126876595e-02
2.820796302120175625e+00,5.475600219400316160e-01
-2.510437936434946060e-01,-6.411537828540228023e-01
1.619358094077417043e+00,1.261487866058481178e+00
-1.619368184432001812e-02,-1.340535097669399165e-03
1.841737342700420221e-01,2.583795290837572756e-01
1.795644515727017776e+00,1.348089909860972657e+00
-5.362331133821705009e-01,-6.951565320225080447e-01
1.473303733037933938e+00,1.185077707635558530e+00
1.326649828700808165e+00,1.091145984030367222e+00
2.714711074753794584e+00,3.645739978119028057e-01
-2.419449620843749926e+00,-1.068066417436625004e+00
1.438944418735879971e+00,1.222182598780980900e+00
2.685583748270810922e+00,4.588917980432278276e-01
2.940066961379062427e+00,3.475737645702059453e-02
-3.049190214308482805e+00,-3.424054676788225171e-01
2.284818072132460465e+00,8.457864112002919654e-01
3.023437605632546266e+00,1.110219998730454655e-01
2.872736282824545739e+00,3.906028788928778139e-01
-2.206880797693477891e+00,-1.367081498520554383e+00
2.969614418762106745e+00,1.048257540126140419e-01
2.450037354450081750e+00,7.347959918483000230e-01
2.025534496637866333e+00,1.280581349177391637e+00
-1.257395830967871220e-01,-2.869108640619524864e-01
-1.681550539125696409e+00,-1.340640876530765579e+00
1.896771616725742682e+00,1.113691723709928416e+00
2.661118477098917801e+00,6.156454544920414440e-01
-1.469446836927157829e+00,-1.510909896730427304e+00
2.446320979154656960e-01,1.866494446664032636e-01
-3.596945838648206717e-01,-5.468847013341195940e-01
2.708161666912774379e+00,2.893569991796291485e-01
-2.887056348267225125e+00,-1.745060613892375767e-01
1.457737919723935072e+00,1.145422464887734915e+00
7.186283047643580169e-01,9.853308596401130215e-01
-2.963367808275733317e+00,-5.406618974718714332e-01
1.377398455668221722e+00,1.493313252133031233e+00
-3.041113653610895806e+00,-3.196174718636723977e-01
1.620753947978156084e+00,1.373182629435329094e+00
8.016542253865921452e-02,9.439237789115194691e-03
2.696141335360493940e+00,6.780053467519789878e-01
-2.726384081111343782e+00,-7.551498550953024136e-01
2.144559716347032463e+00,6.812448047305146304e-01
-2.722566970368663686e+00,-8.246314200982073350e-01
-9.782292536523988780e-01,-1.306416197649185262e+00
-4.379459833171597261e-01,-8.029838375450868426e-01
2.928354418216015276e+00,3.076637903957983866e-01
3.910141967285594156e-01,5.924692508134049573e-01
-1.515098445229170476e+00,-1.603017411420142535e+00
-1.623099357690070299e+00,-1.800230942282699642e+00
2.438619329812974357e+00,1.036071534487092993e+00
-1.722413179617009238e+00,-1.407810136617329677e+00
-2.358992355945464414e+00,-1.194734637980615855e+00
-1.329957077551814137e+00,-1.231815021564712120e+00
5.411271754406379308e-01,5.888821558101152709e-01
3.398606485130417632e-01,2.064461010561932375e-01
1.945970196690354648e+00,1.226798662481343616e+00
3.799816130829647420e-01,5.866393276096565357e-01
-1.329388716796718439e+00,-1.678634398227060398e+00
-5.472884198690204371e-01,-5.932872065277257079e-01
1.998813010710128069e+00,1.087781929692147154e+00
7.948635459390618330e-01,1.071743291502065487e+00
2.884469899451208796e+00,3.372188407227778573e-01
-8.205562854112162796e-01,-1.212179809195275570e+00
3.305678698958760542e-01,5.190477039430726469e-01
5.901431635644320828e-01,4.806921321585512774e-01
2.188378202453682420e+00,1.279901938291560182e+00
-2.227555455872748169e+00,-1.287637219331760896e+00
-5.874128785173380329e-01,-1.008937920723739445e+00
2.575848124463143485e+00,7.807773783074427598e-01
-2.870995412112112177e+00,-3.526839117209786822e-01
2.027623358170991708e+00,1.314242642316737708e+00
-5.316577731419780406e-01,-5.665188399288083598e-01
2.072219554548647480e+00,1.329705847020784315e+00
-3.079046303385990502e+00,-1.928168307515315538e-02
-8.479399987206654998e-01,-1.295800659428208101e+00
-2.647545559367659784e+00,-7.962523317477723239e-01
9.589056636998041228e-01,1.168098845555748833e+00
-1.420948020884681640e+00,-1.569761906067442592e+00
1.273300512839088405e+00,1.331562620481757664e+00
2.788486605067879154e+00,4.541626684768646505e-01
-2.344777299962830241e+00,-1.041603213151229612e+00
2.291969626040158303e+00,9.714423705055224012e-01
-2.767968369950646768e+00,-7.029538194605138290e-01
-7.491409903635100065e-01,-1.236999241399043825e+00
-4.412425869856599903e-01,-8.735934962283785632e-01
-7.006036350437128135e-02,-4.658504126688569474e-02
2.993701060613225273e+00,8.794117690162585321e-02
1.732218822400291458e+00,1.448180423411978390e+00
-1.200984610137896258e+00,-1.674794989789965882e+00
-1.446158127594596055e+00,-1.856681687257634383e+00
2.281551531702373126e+00,8.424177100276692975e-01
2.395823625267641255e+00,1.048244707807902243e+00
6.727095832306861922e-02,1.394965832288938834e-01
-9.783187754826552229e-01,-1.284719965645529483e+00
3.109657410232962604e+00,-1.867917797734178209e-01
-1.156460811437232117e+00,-1.478613371207937677e+00
-1.993576918878586790e+00,-1.498079771506062086e+00
2.388226931064295400e+00,8.374862238043156992e-01
1.962461184324717500e+00,8.728098680970237666e-01
1.054880246317028814e+00,1.034813797542235125e+00
2.880297795798060889e+00,2.353257773040973722e-01
2.674843576605804962e+00,7.670785516582269148e-01
1.559791348474904638e+00,1.375265395147217573e+00
2.266353796748934890e+00,1.216420428384217267e+00
-1.588723886080598779e+00,-1.641153032223966024e+00
-2.254114362579525910e+00,-1.291170562067729621e+00
1.068530112927394526e+00,5.981824984108758958e-01
1.348488036157525549e+00,1.383646448403444307e+00
-2.091968145943702950e+00,-1.308453743560222593e+00
-6.562330070692135031e-01,-7.525449690374004241e-01
2.577713002474418147e+00,5.970692158578683184e-01
3.857924005211099683e-01,4.501771254997855021e-01
4.921990696892266648e-01,4.741054110956683942e-01
-1.921839316876248871e+00,-1.666735160014782835e+00
1.635026101756076322e-01,1.831921741817516686e-02
1.472447348455196980e-01,4.877232166686022025e-02
-2.582793545509807664e+00,-6.951054697205757416e-01
3.028135248356281117e+00,5.056570986502217924e-02
4.485917877809861842e-01,4.045817281528261700e-01
-3.101324456197961599e+00,-1.541832719463650525e-01
1.713105455153612233e+00,1.368858247409575846e+00
3.005032106128160407e+00,-1.536560396380980999e-02
5.646700415020093899e-01,8.372811131022879216e-01
-1.132973693523423808e+00,-1.722318637595461555e+00
-1.963446929146168474e+00,-1.503253212874539280e+00
1.084016811323624374e+00,1.278892554425734795e+00
-1.915696714283962709e+00,-1.693611558945959494e+00
4.881274248139599869e-01,6.254029659938554753e-01
6.423876908466068514e-01,9.531367319053857257e-01
2.905489984419648231e+00,2.939766871794178282e-01
-2.687536598993039760e+00,-1.007730397411011669e+00
-1.707539888711195886e-04,-2.230480544128052300e-01
1.533709695348308699e+00,1.531616212352173489e+00
-2.028044201800087265e+00,-1.389045158329832441e+00
-7.032974662361004548e-01,-1.066572644303157125e+00
-2.746408581809780980e+00,-6.161932091593280703e-01
1.419251324448993934e+00,1.440768352591299317e+00
-2.590130757060383981e+00,-9.888696242837633488e-01
-6.591582366465291720e-01,-1.057428300948845212e+00
2.346911907756844329e+00,9.524515668933214441e-01
-1.740421171461501437e-01,-4.499083969467831401e-01
2.592580070872442910e+00,6.303957569797351557e-01
1.670806527104427452e+00,1.534914997436483963e+00
2.609557403893887795e+00,4.865720188769079857e-01
-2.341095939043237095e+00,-8.865079308996087759e-01
-2.679383287662922886e+00,-4.945725288742627290e-01
-2.699719770454696466e+00,-9.950304596208997543e-01
2.317579882733171281e+00,9.404809946503205342e-01
8.423865243697261640e-01,1.029610204386366190e+00
-2.154068315155921454e-02,-2.592057187421844544e-01
-2.114019063858112446e+00,-1.481095311367498724e+00
1.091599383293805126e+00,1.151605293973098965e+00
-1.143430474849443046e+00,-1.343114740341127877e+00
1.324997258452625282e+00,1.232600756111313700e+00
-2.490948151687915058e-01,-2.096439563186578980e-01
4.693451802005332851e-02,-4.502691049679944692e-03
1.820023474185270551e+00,1.291360939027001553e+00
-2.558855644473903013e+00,-7.108988739424614289e-01
4.948542708976857440e-01,6.730048281087291917e-01
-1.902328930678051755e+00,-1.449482240844383263e+00
1.936080311597054404e+00,1.206327023046676050e+00
-7.008242190944580230e-02,4.753962063706089480e-02
3.070563338303914591e+00,1.073892225012487711e-01
-1.992125843940732555e+00,-1.485104710904292080e+00
2.909235058171722343e+00,-9.437343621455113879e-03
1.890717503099233809e+00,1.332029800048916579e+00
-1.177437725821137704e-01,-4.561979122562306310e-01
1.969992625353786941e+00,9.845170990580462966e-01
6.462187302704878178e-01,7.269058055712368516e-01
9.746543901047051150e-01,1.139909472062129225e+00
2.599295721958982952e+00,8.297847495633419168e-01
-2.731486532200873896e+00,-6.596417090518646997e-01
2.104792961189900780e+00,1.265729156688504276e+00
-7.425796380419149578e-01,-1.288276253714849107e+00
-1.096129221689120747e+00,-1.424652276312205146e+00
3.104061750219944571e+00,-4.262058499985448001e-02
1.766772031164750345e+00,1.450218550172488685e+00
-9.088540349048601641e-02,-2.320948712263605218e-01
-4.861401227767383482e-01,-6.836344178013277206e-01
2.372084074409253951e+00,8.312664912404761353e-01
-2.596118724044496950e+00,-8.248534967094430792e-01
1.309533671181836390e+00,1.362845110015612482e+00
1.816812083167214986e+00,1.124143423059265956e+00
1.879906296993616444e+00,1.307964486897277734e+00
-1.116605440005450589e+00,-1.481825052775753271e+00
1.863838954563770578e+00,1.009734140431535865e+00
-1.725812298306944381e+00,-1.425342471053707483e+00
-8.651446624307994604e-01,-1.286215683697430556e+00
-5.186888084773784158e-01,-9.686175607649087915e-01
2.601866007155972937e-01,2.062779918449456906e-01
-2.434020124877728009e+00,-1.049619143366067320e+00
-5.846642118238571939e-01,-7.046511402607791297e-01
-3.139703361927960845e+00,-1.430480701554695810e-01
1.535489389143853245e+00,1.420182054077195888e+00
2.210901561700697293e+00,1.262807203141176116e+00
-2.268659168639978851e+00,-1.162177658525843871e+00
1.280423751269433197e+00,1.447152446964712569e+00
2.017550207091182379e+00,1.137778859491601846e+00
3.027416638851036623e+00,1.644546380546266506e-01
2.160099810222191330e+00,1.095696070190813609e+00
-4.768530155683983196e-01,-6.318774499386851096e-01
3.013973045327825062e+00,-7.641504530163265030e-02
2.978131848400578541e+00,8.505952054560434947e-03
2.310314168788263345e-02,1.041933121576783250e-01
1.592451567385917421e+00,1.322639225847866529e+00
2.600218753081485090e+00,5.877123249640744396e-01
-1.498723669391428537e-01,-3.236789557776255655e-01
2.285736365015294425e+00,8.911778872971274357e-01
1.266492652669216845e+00,1.479817618058736350e+00
-1.294812087026760983e+00,-1.711401853560850839e+00
1.681708810193424775e+00,1.320641086419879873e+00
4.441256079535400580e-01,5.656176837812332270e-01
-2.551946164387629334e+00,-9.473818048430546757e-01
-6.824769095146443476e-01,-1.159365053294568293e+00
-2.678264201672166056e+00,-8.993226205594490041e-01
-1.497473865404441717e-01,-2.724483091284631286e-01
-4.489988841616767701e-01,-9.042318462088865250e-01
-4.791717778160302643e-01,-6.977407946717703036e-01
5.422411136860194603e-01,4.177901235755374643e-01
-2.370704500243324908e+00,-1.220017175915508290e+00
2.725450441752139241e+00,4.826961476091728431e-01
1.156423071124867086e+00,1.043774192104855780e+00
2.034378273792111003e+00,1.292552448187924030e+00
